name,country,type
RT,ru,Федеральные каналы РФ
Ритм Евразии,ru,Окологосударственные и пропагандистские СМИ РФ
Fondsk,ru,Окологосударственные и пропагандистские СМИ РФ
RussianKZ,ru,Окологосударственные и пропагандистские СМИ РФ
ТАСС,ru,Федеральные каналы РФ
Интерфакс,ru,Федеральные каналы РФ
Риа,ru,Федеральные каналы РФ
Коммерсант,ru,Федеральные каналы РФ
Ridus,ru,Окологосударственные и пропагандистские СМИ РФ
EADaily,ru,Окологосударственные и пропагандистские СМИ РФ
Новая Газета,ru,Оппозиционные СМИ РФ
Эхо Москвы,ru,Оппозиционные СМИ РФ
Евразия Эксперт,ru,Окологосударственные и пропагандистские СМИ РФ
Евразия Сегодня,ru,Окологосударственные и пропагандистские СМИ РФ
Стержень Азии,ru,Окологосударственные и пропагандистские СМИ РФ
Мировое Политическое Шоу,ru,Окологосударственные и пропагандистские СМИ РФ
Военно-политическая аналитика,ru,Окологосударственные и пропагандистские СМИ РФ
EssentPress,ru,Окологосударственные и пропагандистские СМИ РФ
Русская Народная Линия,ru,Окологосударственные и пропагандистские СМИ РФ
Asia Today,ru,Окологосударственные и пропагандистские СМИ РФ
Атомная энергия 2.0,ru,Окологосударственные и пропагандистские СМИ РФ
Собкор «Новости»,ru,Окологосударственные и пропагандистские СМИ РФ
RussiaPost,ru,Окологосударственные и пропагандистские СМИ РФ
NewsRu,ru,Окологосударственные и пропагандистские СМИ РФ
Новая Газета EU,ru,Оппозиционные СМИ РФ
Известия,ru,Федеральные каналы РФ
Ведомости,ru,Федеральные каналы РФ
Лента,ru,Федеральные каналы РФ
РБК,ru,Федеральные каналы РФ
Российская Газета,ru,Федеральные каналы РФ
Медуза,ru,Оппозиционные СМИ РФ
Gazeta Ru,ru,Федеральные каналы РФ
Инказан,ru,Региональные СМИ РФ
Медиакорсеть,ru,Региональные СМИ РФ
Байкал-Daily,ru,Региональные СМИ РФ
Уфа Новости,ru,Региональные СМИ РФ
UfacityNews,ru,Региональные СМИ РФ
SakhaDay,ru,Региональные СМИ РФ
AltaPress,ru,Региональные СМИ РФ
KazanFirst,ru,Региональные СМИ РФ
The Moscow Times,ru,Другие
ЦентрАзия,ru,Другие
МИД,ru,Другие
Кремль,ru,Другие
Senat Kazakhstan,kz,Другие
Kloop,kg,Другие
Turmush,kg,Другие
Xabar,uz,Другие
ReviewUZ,uz,Другие
NovaUz,uz,Другие